{
  "last_build_time": "2025-12-20T21:14:23.822413",
  "data_file_timestamps": {
    "incidents.csv": 1766240955.464342,
    "kb_articles.csv": 1766240955.464342,
    "patterns.csv": 1766240955.4774947
  },
  "item_count": 262,
  "index_version": "1.0"
}