{
  "last_build_time": "2025-12-16T23:40:26.956700",
  "data_file_timestamps": {
    "incidents.csv": 1765772418.7106445,
    "kb_articles.csv": 1765772418.725405,
    "patterns.csv": 1765772418.7347138
  },
  "item_count": 330,
  "index_version": "1.0"
}